{"entries":[],"headings":["bonjour","il-y-a-deux-ans","pierrot","rencontre-de-pierrot","pierrot-1","il-avait-alors-eu-une-révélation","pierrot-2","ans-après-la-suite","pierrot-3","voici-venu-le-temps-de-la-production","il-y-a-le-plan-de-la-maquette","et-la-réalisation","pierrot-4","les-craintes-de-pierrot","les-craintes-de-pierrot-1","pierrot-5","que-pierrot-soit-rassuré","pierrot-6","cest-une-nouvelle-révélation","les-tests-dans-shiny","les-tests-unitaires","les-tests-unitaires-1","tester-un-tiroir-individuellement","les-tests-unitaires-2","tester-un-tiroir-individuellement-1","les-tests-unitaires-3","la-bonne-nouvelle","les-tests-unitaires-4","créer-la-structure-de-tests","les-tests-unitaires-5","les-tests-unitaires-6","un-premier-pas","les-tests-dintégration","les-tests-dintégration-1","assembler-les-meubles-entre-eux","les-tests-dintégration-2","assembler-les-meubles-entre-eux-1","les-tests-dintégration-3","les-tests-dintégration-4","les-tests-dintégration-5","les-tests-dintégration-6","un-second-pas","les-tests-end-to-end","les-tests-end-to-end-1","cuisiner-un-vrai-repas","les-tests-end-to-end-2","simuler-un-utilisateur-dans-un-navigateur","les-tests-end-to-end-3","simuler-un-utilisateur-dans-un-navigateur-1","les-tests-end-to-end-4","simuler-un-utilisateur-dans-un-navigateur-2","les-tests-end-to-end-5","simuler-un-utilisateur-dans-un-navigateur-3","les-tests-end-to-end-6","simuler-un-utilisateur-dans-un-navigateur-4","les-tests-end-to-end-7","les-tests-end-to-end-8","un-dernier-pas","les-tests-dans-shiny-1","la-cuisine-parfaite-de-pierrot","la-cuisine-de-pierrot","le-résultat-final","la-cuisine-de-pierrot-1","merci"]}